{
  "metadata": {
    "name": "Roliascan",
    "author": "Cong Nguyen",
    "version": 1,
    "source": "https://roliascan.com",
    "regexp": "roliascan\\.com/(manga|reader)/[^/]+(/chapter-\\d+)?/?$",
    "description": "Đọc truyện trên trang roliascan.com",
    "locale": "en_US",
    "type": "manga",
    "language": "javascript"
  },
  "script": {
    "home": "home.js",
    "genre": "genre.js",
    "search": "search.js",
    "detail": "detail.js",
    "toc": "toc.js",
    "chap": "chap.js"
  }
}
